{
  "set_run_name": "10k",
  "set_run_speed": 7.5,
  "run":  {
		"5k": {
			"miles":	3.1068559612,
			"5k_mph": 	[6.2137119224, 12.4274238447],
			"run_mph":	[6.2137119224, 12.4274238447],
			"polyfit":	[1.0, 0.0]
	},
	    "400m": {
      "miles":  	0.2485484769,
		  "5k_mph": 	[12.4274238447, 6.2137119224],
		   "run_mph":	[14.4318470455, 6.6279593839],
			"polyfit":	[ 1.24698533, -1.20343782 ]
	    },
  "600m":	{
		  "miles":	0.3728227153,
		  "5k_mph": 	[12.4274238447, 6.2137119224],
		  "run_mph":	[13.9808518253, 6.5792243884],
		  "polyfit":	[ 1.19727924, -0.91491874]
   },
	 "800m":	{
		"miles":	0.4970969538,
		"5k_mph": 	[12.4274238447, 6.2137119224],
		"run_mph":	[13.872473129,  6.5312008527],
		"polyfit":	[ 1.18643979, -0.88551308]
	},
	 "1000m": {
		"miles":	0.6213711922,
		"5k_mph": 	[12.4274238447, 6.2137119224],
		"run_mph":	[13.7235355341, 6.5027217792],
		"polyfit":	[ 1.16835138, -0.81171075]
	},
	 "1200m": {
		"miles":	0.7456454307,
		"5k_mph": 	[12.4274238447, 6.2137119224],
		"run_mph":	[13.4890630677, 6.3472267397],
		"polyfit":	[ 1.13488305, -0.61460959]
	},
	 "1600m": {
		"miles":	0.9441939076,
		"5k_mph": 	[12.4274238447, 6.2137119224],
		"run_mph":	[13.0624017054, 6.3571901728],
		"polyfit":	[ 1.07909919, -0.34802136]
	},
	 "2000m": {
		"miles":	1.2427423845,
		"5k_mph": 	[12.4274238447, 6.2137119224],
		"run_mph":	[11.9622261607, 6.3101164797],
		"polyfit":	[ 1.05941314, -0.27277161]
	},
	 "Short Tempo": {
		"5k_mph": 	[12.4274238447, 6.2137119224],
		"run_mph":	[11.7263843648, 6.0402684564],
		"polyfit":	[ 0.91509165,  0.35415255]
	},
	"Mid Tempo": {
		"5k_mph": 	[12.4274238447, 6.2137119224],
		"run_mph":	[11.1801242236, 5.8919803601],
		"polyfit":	[ 0.85104426,  0.6038365 ]
	},
	"Long Tempo": {
		"5k_mph": 	[12.4274238447, 6.2137119224],
		"run_mph":	[10.6824925816, 5.750798722],
		"polyfit":	[ 0.79367919,  0.81910486]
	},
	"10k": {
		"miles":	6.2137119224,
		"5k_mph": 	[12.4274238447, 6.2137119224],
		"run_mph":	[11.8796404251, 5.9398202126],
		"polyfit":	[  9.55921402e-01,   1.25607397e-15]
	},
	"Half Marathon": {
		"miles":	13.109375,
		"5k_mph": 	[12.4274238447, 6.2137119224],
		"run_mph":	[11.5015974441, 5.3491827637],
		"polyfit":	[ 0.96376863, -0.47556375]
	},
	"Marathon": {
		"miles":	26.21875,
		"5k_mph": 	[12.4274238447, 6.2137119224],
		"run_mph":	[10.8108108108, 5.3491827637],
		"polyfit":	[ 0.87896383, -0.11244528]
	},
	"Easy": {
		"5k_mph": 	[12.4274238447, 6.2137119224],
		"run_mph":	[ 8.9552238806, 5.2098408104],
		"polyfit":	[ 0.60276098,  1.46445774]
	}
}
}
